1.22301462,0.154380956,3.053073133,0.223443025,0.703314752,70.81401178,3024,275.9259259,13.46533559,8
10.79885081,-0.088517375,22.68332873,0.287312351,0.67286447,68.67766953,502,297,18.05238513,8
5.316204287,0.082059417,10.84403804,0.159994293,0.480575164,27.13969696,505,114.4,8.510315056,8
2.18080864,0.247317915,5.139732511,0.218744875,0.829282861,38.7882251,353,117.4,10.40369679,8
1.080257403,-0.042144092,4.299574346,0.214150989,0.76438367,80.11858582,786,234,13.18624427,8
1.870695998,0.269148927,4.181876289,0.191921372,0.667251244,23.74974747,146,51.1,7.281649542,8
0.970689306,0.277724711,2.121895889,0.200400737,0.679634516,23.93843052,255,54.58823529,7.226866586,8
1.357000825,-0.029476092,4.441621241,0.237520077,0.843772479,55.42364459,457,161,12.38765646,8
1.679272166,0.306288596,3.805655642,0.195120901,0.564245233,601.8182288,1899342,8580.487624,13.96105087,8
3.771299868,0.206764932,13.21917838,0.666109013,0.975321319,828.9343913,29693,15760,116.9916642,8
2.863628034,0.259564565,7.986052749,0.499261384,0.936052189,870.0183348,33769,12970,92.75404977,8
4.545643515,0.244511091,12.61184382,0.54268998,0.966934112,870.2460676,32797,17691,123.6145597,8
4.875424072,0.328191775,12.92121217,0.565913505,0.967422311,823.7350647,32190,17176.66667,121.7271709,8
1.743755476,0.316982427,4.516185901,0.262250014,0.69700495,361.2819203,21014,4098.833333,38.71182981,8
3.914079628,0.172400812,11.0779402,0.7205487,0.966468025,1446.742207,33379,27104.5,184.1902262,8
4.360290076,0.235828722,12.96129274,0.745004399,0.965684565,1338.922402,34128,27610,186.014712,8
4.349834599,0.212544825,13.40740257,0.656607394,0.961563396,1144.280267,25173,20280.5,159.4096823,8
4.887787224,0.255011587,13.7600828,0.592523933,0.951723199,538.3974926,24057,9099.75,83.88394755,8
3.841722675,0.211380827,12.31755613,0.761574371,0.969774824,1244.327994,21483,20367,160.7995533,8
2.070256148,0.35828099,4.5402515,0.187205198,0.572581649,252.328348,1535061,10354.78276,15.42579886,8
4.496298516,0.143179865,14.08710746,0.765372877,0.968160448,1154.812752,19085,18977.5,155.3801248,8
2.98714802,0.246967932,8.594014737,0.455728864,0.922179373,612.819327,17560,8865,89.1033152,8
3.967859306,0.351506718,11.18205991,0.733299674,0.911388566,824.9306756,17530,11665,100.2770377,8
4.4770699,0.143922827,16.70061463,1.368365986,0.974355845,1200.064538,16702,16618.5,145.332918,8
4.075216623,0.315287541,10.97314041,0.587087275,0.900974601,606.010191,16716,7279,76.85834756,8
4.586033109,0.1977719,13.16525688,0.843090981,0.901810773,720.1574072,13804,9254.333333,102.328187,8
1.662041778,0.296105976,3.874189242,0.201765369,0.603787097,418.7244318,1209100,6521.3125,14.25533631,8
1.980669314,0.346156352,4.482021056,0.196116611,0.593083898,277.1605245,1419927,7038.072785,14.37634119,8
2.150965677,0.377653499,4.829314815,0.189775166,0.577699357,188.0985108,1430631,6225.761111,13.37375593,8
2.311764134,0.23268022,8.20713963,0.262196456,0.714573596,482.9531744,12196,4053.833333,52.79168045,8
3.69296035,0.261758106,11.45479094,0.301539341,0.906596709,413.8233765,12270,5157,65.99026783,8
4.602663831,0.13913488,15.70952454,0.3193832,0.895015709,511.0632304,11305,6225.5,80.8114815,8
2.79257032,0.154542471,6.856002479,0.226512338,0.814750881,660.5848002,30657,19627.66667,136.287136,8
2.546217233,0.14655807,7.069100136,0.312715678,0.869503551,1014.318326,58993,29690.5,148.1009864,8
2.168544028,0.587789608,4.5413841,0.175182771,0.501979186,743.8030455,715348,19526.43662,32.25988467,8
2.936918522,0.147607988,7.29719461,0.224262625,0.816408167,657.3343794,30707,19804.66667,136.5781565,8
2.201427917,0.152067343,5.242179448,0.270118093,0.857840304,663.2457189,59199,19851.66667,99.89929876,8
2.093863417,0.556361421,4.405720698,0.18014212,0.518956525,842.5800794,1379002,23152.83333,28.08801659,8
2.827811422,0.158610871,6.789638537,0.316892529,0.88028926,995.747258,59267,29804,147.741525,8
2.600617731,0.147136674,6.486400657,0.302758717,0.85226112,1000.075685,59292,29830.5,148.1735718,8
2.517884919,0.15471615,6.391102729,0.308755935,0.858045366,1007.98685,59377,29883,148.5707177,8
2.714115354,0.158785883,6.991309809,0.319027389,0.869882933,1019.507666,59471,29922,148.4475362,8
2.535162278,0.150493372,5.690414234,0.305977331,0.856443418,991.5046174,59373,29878,148.4942481,8
2.684044247,0.154944692,6.042256938,0.312728385,0.863542879,997.4335495,59495,29930.5,148.388769,8
2.689184875,0.161543853,5.624171449,0.31143513,0.866747838,993.6081707,59595,29978.5,148.4394673,8
2.680741777,0.149747734,5.334862163,0.304305692,0.859022032,990.9157826,59659,30040.5,149.3839364,8
2.679084013,0.152498578,5.976241073,0.304145326,0.858292242,980.1700936,59761,30081,149.2107972,8
2.829376653,0.159952807,6.610103628,0.312374222,0.875029919,981.2944623,59756,30073,149.0455286,8
1.519758517,0.449754253,3.347762526,0.192687784,0.591345782,599.8281847,717710,22549.12903,35.4309591,8
2.873737902,0.101648524,6.557519649,0.201229326,0.518021278,691.5749878,30427,19970,131.301962,8
3.278946784,0.098682665,8.55077033,0.229908297,0.771886917,1071.625938,30993,29957.5,195.1942612,8
3.209848632,0.140065811,7.112380207,0.228960129,0.770379356,1042.605122,30765,30126,195.7916906,8
3.174364249,0.105991219,7.270483122,0.230182172,0.768885814,1038.119841,30788,30102,195.7322962,8
2.12910982,0.414178639,4.605229383,0.182904687,0.591076767,696.3126181,714114,17631.2,28.47958468,8
3.240319698,0.139181521,7.578774065,0.229743646,0.76540489,1041.847763,30654,30320,196.4306665,8
3.192642849,0.14439695,7.70723775,0.229597964,0.76444492,1040.726443,31007,30373.5,196.6061472,8
3.260002216,0.057756834,7.495413076,0.229899795,0.763366457,1043.841666,31094,30404,196.6565596,8
3.233271085,0.139932169,8.298013696,0.22821468,0.763876031,1043.43355,31319,30504.5,197.0063162,8
1.753098396,0.372435882,4.112247266,0.188593676,0.635631088,929.4313071,728265,26776.22642,40.67546945,8
3.240865861,0.053301755,9.535023776,0.229952634,0.762675229,1030.483802,31446,30425,196.7541769,8
3.233004315,0.13941809,7.701339451,0.224581792,0.762143754,1024.67619,31327,30952.5,198.4917677,8
3.166656955,0.109016454,7.867503254,0.224781045,0.762481312,1014.806133,31139,30935.5,198.4078226,8
3.325171308,0.114513492,7.196694882,0.224942535,0.763133745,1047.190909,30982,30885,198.2736823,8
3.271104974,0.139890196,7.398108179,0.227167474,0.755953067,1040.797511,31156,30987.5,198.5860105,8
3.203205443,0.143778647,7.07221468,0.22878638,0.753975029,1048.300559,31264,30979.5,198.5268517,8
3.321514557,0.117588218,8.056499081,0.228685251,0.753791316,1032.584307,31473,30973.5,198.5689505,8
1.711967275,0.542099342,3.852504738,0.173837951,0.460224217,710.5110428,736296,24635.47458,36.93289517,8
3.172131732,0.120178759,8.202833201,0.225253894,0.755503588,1037.001569,31605,31161,199.1721777,8
3.485413963,0.346932801,8.155701217,0.223624004,0.558526705,643.582768,26450,16932.66667,120.9728344,8
4.183806496,0.637377755,9.619771038,0.226069423,0.720946913,646.4328522,26524,17003,121.5504278,8
4.215080679,0.300118856,10.03654666,0.263792108,0.833308718,979.25588,26508,25457,179.9901143,8
4.049682206,0.266141097,8.896486125,0.261686348,0.840392698,963.1878605,25471,25248.5,179.2827049,8
3.950441133,0.421666864,9.755086086,0.238118595,0.834982866,645.6636483,25452,16911.33333,122.1128744,8
2.514721518,0.526921288,5.435318246,0.181438633,0.488748866,408.6605606,603817,6953.192982,15.17964996,8
4.153659436,0.340369221,9.627217992,0.236473087,0.821650081,652.6873375,25713,16972.66667,123.0193029,8
4.01776613,0.604006897,8.582111109,0.239381919,0.85221542,647.6636483,25928,17002.33333,121.1812274,8
4.205043668,0.280955666,9.353526562,0.507267502,0.86687929,1947.026479,51389,51389,255.7789427,8
3.996935383,0.268154819,8.980349391,0.244419624,0.831401867,947.5340546,26838,26720.5,184.4334617,8
2.357834973,0.521977251,4.908710213,0.180742914,0.561383885,461.7277628,1245067,8608.510345,13.54959907,8
4.103252596,0.238431727,8.44441597,0.244431166,0.829505983,965.3447148,27009,26794,184.6721856,8
3.977293857,0.277720875,8.621062993,0.466727454,0.86818977,1901.777741,54091,54091,262.4324679,8
2.352223441,0.500097197,4.874078506,0.181080452,0.533660958,468.7795017,1249761,8522.755102,13.32718755,8
2.390598772,0.605629014,4.984965346,0.177196023,0.445187189,490.101003,1250483,8703.208333,13.29027485,8
3.940848512,0.26765135,11.05975734,0.464003124,0.867340648,1938.961508,54129,54129,262.4955322,8
3.961336089,0.262990792,10.35222319,0.463620282,0.867390177,1953.796031,54226,54226,262.7112917,8
2.4708486,0.609216226,5.042935857,0.176496326,0.465973879,514.8476712,1257888,8815.244755,13.30690863,8
3.274572671,0.477172729,7.297723119,0.311625507,0.787532582,953.0990258,54104,27057.5,133.0838003,8
2.487164685,0.514808569,5.191311249,0.181436304,0.502320613,509.1911546,1258445,8700.882759,13.47784181,8
3.950953828,0.294161625,8.912017874,0.460823116,0.866129024,1911.582828,54104,54104,262.4348937,8
4.182901918,0.285437056,11.0738451,0.459178955,0.862274604,2038.204148,54734,54734,263.9683832,8
4.289435956,0.431278071,10.22279179,0.320884451,0.804721585,1006.859433,54681,27371.5,136.3626986,8
2.603628152,0.603720583,5.369033365,0.175440205,0.462934981,294.1615467,1276306,6157.110577,10.80949464,8
4.251566087,0.25474198,15.66584965,0.460298896,0.8608308,2042.789935,54732,54732,263.9539124,8
2.480516723,0.546602458,5.189692747,0.178795636,0.478803262,255.1437758,1279559,6355.326733,11.04837567,8
4.355881649,0.287197942,9.145173344,0.451160249,0.859101627,2026.796031,55440,55440,265.6584174,8
1.361719925,0.008558723,4.503202406,0.240162566,0.835611323,64.58003846,628,194.1666667,12.85390302,8
3.565280589,2.09954768,6.641409529,0.221387708,0.685413206,55.5852453,1745,112.9285714,8.058133152,8
2.773519294,-0.000608232,7.554110499,0.173877999,0.750803557,17.70710678,46,30.5,6.01161679,8
3.33811035,-0.020756253,9.974751026,0.222085768,0.794380079,85.63158005,1817,355.9,16.7933643,8
0.604160105,0.409644197,1.405072672,0.700504742,0.606708067,141.830169,6981,1038.857143,19.37363188,8
0.765814449,0.158833492,2.227362316,0.194313323,0.727248851,32.46396103,436,90.46666667,8.491397101,8
2.872188196,0.311380434,7.034728771,0.20924321,0.688321513,16.35482295,70,22.96153846,5.072469245,8
0.91703094,0.350297964,1.708771726,0.187544567,0.539019835,30.33121112,1752,94.03448276,7.212878878,8
2.917950496,0.004719752,7.874066549,0.291430669,0.787932528,48.98327826,489,115.4210526,10.2482539,8
1.870813551,-0.195620184,5.611445478,0.251015868,0.847098442,58.43441918,1368,208.2,12.53697763,8
4.518468366,0.848887298,8.756339317,0.152809594,0.341944084,8.926682978,19,10.65217391,3.640344383,8
6.944886713,0.279465569,16.33939937,0.16595459,0.582018701,18.82842712,32,32,6.383076486,8
3.559838868,0.665193857,6.969396565,0.199074074,0.878310066,14,18,18,4.787307365,7
2.835488897,0.105737676,6.485169614,0.180358962,0.655769229,12.93198052,22,18.5,4.831380575,7
4.679397874,-0.037734721,9.90836853,0.163928196,0.631977069,17.53553391,32,30,6.176948904,7
4.188059083,-0.011682046,7.704427097,0.161260933,0.560611911,16.82842712,28,28,5.970821321,7
3.203428311,0.920844328,5.608221768,0.159630138,0.572412598,16.24264069,27,27,5.863230143,7
1.717056492,0.002958287,3.610946556,0.164264118,0.661637882,21.07106781,42,42,7.312732791,7
2.910500687,0.061220057,6.109392546,0.205429175,0.861446812,17.28798701,38,27,5.668696462,7
1.066058524,0.417252985,1.965986805,0.195561303,0.575652504,14.22061734,61,19,4.744398201,7
1.02551147,0.421338217,1.908385442,0.186869665,0.583300947,13.76693165,93,18.55454545,4.656446987,7
2.246561317,0.37245504,4.989472767,0.164935968,0.473315634,36.97056275,105,105,11.56244577,7
1.041541967,0.407109129,1.970751721,0.184663624,0.566507648,13.33893315,137,17.66386555,4.542199713,7
0.988883246,0.434357958,1.7254673,0.180825751,0.534902335,12.87271265,61,17.14414414,4.504509542,7
1.021709959,0.385461461,1.911477098,0.183370211,0.595043306,13.3828905,56,17.95412844,4.618165173,7
1.049227755,0.4069577,1.935917626,0.186653512,0.534360624,13.45645967,92,17.9379845,4.58104287,7
4.879176707,0.073532199,11.51977571,0.377302448,0.86577645,1826.564538,61607,61607,280.0608906,7
4.877439996,0.465409148,11.35171513,0.279036965,0.809361004,888.1903858,61834,30940,144.1181337,7
4.880124638,0.083336415,11.88401558,0.373422173,0.865346113,1809.008189,61968,61968,280.8916305,7
4.886069708,0.12360558,9.445354285,0.373464289,0.861108999,1940.043723,90000,90000,281.4712373,7
4.858460381,0.086156831,12.89634496,0.374148081,0.861194132,1945.049819,62139,62139,281.2562882,7
4.926727495,0.051922075,11.16172922,0.371461274,0.859545493,1912.416306,62488,62488,282.0677094,7
4.89728009,0.065158119,10.26825648,0.369961459,0.86306139,1894.665043,62404,62404,281.8780597,7
4.25739488,0.224923186,9.016796796,0.488152144,0.862006438,632.0264188,62148,20760,99.7897489,7
4.936184397,0.059041159,11.28265194,0.37191437,0.862771654,1918.49347,62224,62224,281.4712373,7
4.880860627,0.063591593,12.51534213,0.375354139,0.862024163,1937.428499,90000,90000,280.927891,7
4.832522363,0.138288901,11.30872122,0.377661162,0.862532672,1939.150324,61755,61755,280.4061962,7
4.9555375,0.046958109,9.555072436,0.380563762,0.863050078,1933.428499,61450,61450,279.7151587,7
4.90430648,0.136424138,12.53753511,0.375379843,0.862223714,1935.629509,90000,90000,280.9596151,7
4.866776883,0.056126345,11.38739727,0.375332838,0.862017169,1935.043723,90000,90000,280.9686784,7
4.946945069,0.05470302,11.38672216,0.377490091,0.862929857,1947.801082,61762,61762,280.4243584,7
4.098004158,0.168381017,9.022594254,0.984388838,0.931222897,968.0040943,61608,30867.5,146.3942218,7
4.776621586,0.142383958,11.08702252,0.376706324,0.862627311,1949.043723,90000,90000,280.6149905,7
4.863181289,0.053301755,10.27327979,0.378552291,0.862618047,1938.87215,61685,61685,280.2494983,7
4.602307675,0.107411589,12.37214755,0.589902445,0.838824928,2064.139177,40695,40695,227.5971828,7
4.536679204,0.135752771,12.8675355,0.593377549,0.839208426,2100.281313,40680,40680,227.5356376,7
4.42615205,0.095689012,14.76628603,0.591100323,0.841013868,2024.482323,40815,40815,227.9381777,7
4.379130976,0.103027446,12.83261663,0.604496135,0.843742401,2070.517857,40777,40777,227.8180492,7
4.439591149,0.098435167,14.26631201,0.593932037,0.844316781,2002.482323,40998,40998,228.4403554,7
3.536593356,0.224958953,9.46579494,0.378747005,0.818297182,1016.241161,40627,20316.5,115.084026,7
4.315929871,0.13320591,10.7995651,0.615118407,0.848452219,2060.961508,41031,41031,228.554586,7
4.346919977,0.086156831,11.05452214,0.613895544,0.848091446,2058.381818,41017,41017,228.501657,7
4.354230156,0.082349297,9.706003859,0.61836829,0.849517091,2077.695526,41032,41032,228.5323016,7
4.448207385,0.131237075,10.47789729,0.595256013,0.846679449,2011.825469,41601,41601,230.1312644,7
4.455685976,0.111195703,11.80871455,0.606633603,0.848355073,2005.13308,41406,41406,229.6078322,7
3.258042218,0.211297444,8.674457738,0.383885394,0.766606502,1023.980754,41629,20820.5,117.055999,7
4.352882954,0.132009001,11.81031291,0.607358998,0.852516583,2045.653896,42370,42370,232.232385,7
4.411837173,0.124403005,12.03650158,0.614442138,0.855670008,2032.097546,42482,42482,232.5665837,7
4.362505264,0.075121229,12.34450411,0.618672386,0.855980616,2040.582828,42255,42255,231.9224107,7
4.398940815,0.131620515,10.62423838,0.625651238,0.857930714,2120.967604,42446,42446,232.4515859,7
4.447553157,0.092128684,11.261932,0.624990571,0.859406585,2099.245779,42629,42629,232.9139697,7
4.454253582,0.088111831,13.89315628,0.611932366,0.857934934,2041.31075,43037,43037,234.0509735,7
14.96764835,0.447958722,30.49953108,0.207255962,0.749298604,45.56324403,523,148.2916667,12.66631859,6
6.867414746,-0.034625069,15.91787694,0.182959922,0.602746683,51.89703152,483,198.6428571,15.20796213,6
4.796806775,0.337394285,10.85844729,0.218106817,0.670866506,72.87583649,13254,424.0588235,11.76182307,6
4.919876052,0.245466576,10.83317004,0.193734345,0.629337642,43.48790375,7019,183.4725275,10.06378164,6
4.692957204,0.188020017,10.27094199,0.190393258,0.686537781,41.82774511,6518,171.6315789,10.00212073,6
4.498949598,0.412621716,9.73323862,0.202686889,0.637431944,60.03982445,50050,836.1447368,12.10722646,6
4.901396016,0.393746745,10.75644574,0.20756392,0.649095656,66.45841068,34424,567.6385542,10.99655002,6
3.747476528,0.318095544,8.321091062,0.201614514,0.593942936,56.09397235,14717,303.9569892,10.31716152,6
4.043237829,0.247505171,9.050220803,0.230353437,0.69921552,48.78111626,8662,207.387931,10.04527191,6
4.017467065,0.297617476,9.173666825,0.210841803,0.676851294,53.3759142,8228,255.8596491,10.63463587,6
4.572512262,0.422549776,9.907145396,0.185093295,0.578824636,54.55469211,14814,566.2631579,11.61072045,6
4.487277381,0.460172426,9.532808199,0.187119726,0.590412093,52.84699195,18150,526.0246914,11.45899754,6
14.96775118,0.449198987,30.49953108,0.207255962,0.749298604,45.56324403,523,148.2916667,12.66631859,6
4.754786403,0.356563583,10.60416373,0.198840733,0.671630045,58.25254549,16195,501.0410959,12.57653472,6
4.701319482,0.42612206,10.50958928,0.195276064,0.611151802,52.68178711,11594,431.3037975,11.145831,6
4.833384135,0.39426076,10.62629247,0.191249124,0.676582943,53.14528954,10263,408.4133333,11.59735798,6
4.799555497,0.405587267,10.16212324,0.177767105,0.582983438,47.39207802,20499,478.4193548,11.50543551,6
3.749652039,0.325433455,8.249293581,0.199739099,0.591402564,39.12780988,10725,244.804878,9.116034305,6
14.96783933,0.44857302,30.49953108,0.207255962,0.749298604,45.56324403,523,148.2916667,12.66631859,6
14.96783933,0.44857302,30.49953108,0.207255962,0.749298604,45.56324403,523,148.2916667,12.66631859,6
14.96764835,0.447958722,30.49953108,0.207255962,0.749298604,45.56324403,523,148.2916667,12.66631859,6
14.96764835,0.447958722,30.49953108,0.207255962,0.749298604,45.56324403,523,148.2916667,12.66631859,6
14.96775118,0.449198987,30.49953108,0.207255962,0.749298604,45.56324403,523,148.2916667,12.66631859,6
14.96764835,0.447958722,30.49953108,0.207255962,0.749298604,45.56324403,523,148.2916667,12.66631859,6
14.96775118,0.449198987,30.49953108,0.207255962,0.749298604,45.56324403,523,148.2916667,12.66631859,6
14.96764835,0.447958722,30.49953108,0.207255962,0.749298604,45.56324403,523,148.2916667,12.66631859,6
14.96764835,0.447958722,30.49953108,0.207255962,0.749298604,45.56324403,523,148.2916667,12.66631859,6
14.96764835,0.447958722,30.49953108,0.207255962,0.749298604,45.56324403,523,148.2916667,12.66631859,6
14.96775118,0.449198987,30.49953108,0.207255962,0.749298604,45.56324403,523,148.2916667,12.66631859,6
14.96764835,0.447958722,30.49953108,0.207255962,0.749298604,45.56324403,523,148.2916667,12.66631859,6
14.96775118,0.449198987,30.49953108,0.207255962,0.749298604,45.56324403,523,148.2916667,12.66631859,6
14.96775118,0.449198987,30.49953108,0.207255962,0.749298604,45.56324403,523,148.2916667,12.66631859,6
14.96775118,0.449198987,30.49953108,0.207255962,0.749298604,45.56324403,523,148.2916667,12.66631859,6
2.883150481,0.278051366,6.338191454,0.191545541,0.630357385,88.63688204,33785,1137.612903,14.50351876,6
2.575624515,0.259053429,5.624454205,0.194141801,0.583638091,84.66723639,32889,1122,14.078655,6
2.934325477,0.279148062,6.86970813,0.198585848,0.651202783,101.784688,36836,1279.767857,15.64191111,6
2.728584278,0.341392481,6.050529101,0.196691637,0.619565378,92.80401379,34968,1247.807018,15.05037059,6
2.804830712,0.214803163,6.361587928,0.196493153,0.611786949,105.3336481,36390,1281.054545,15.81585078,6
2.526533754,0.344720418,5.618441801,0.19598105,0.675674932,83.87294911,37849,1164.966667,14.80062491,6
2.775675299,0.32657417,6.2146365,0.193517662,0.629129654,83.46686062,41236,1174.262295,14.84074593,6
2.621352542,0.338505255,5.861362977,0.195422934,0.551304235,109.7812367,90409,1899.803922,15.14004858,6
2.81930514,0.344459323,6.288099119,0.198335717,0.658410542,82.62847793,46168,1091.742424,13.9068489,6
1.68728331,0.261291353,3.888473998,0.198761334,0.616445631,97.26616413,119995,1493.494118,10.7079139,5
1.749620751,0.246230664,4.143177655,0.205833154,0.60201189,96.97141326,119995,1507.917647,11.36947107,5
1.745681732,0.201347344,4.420645186,0.215314962,0.671727016,108.66667,72719,1095.472973,12.87348943,5
1.837877997,0.274582435,4.2131246,0.208984607,0.640627965,90.35631756,71417,888.3033708,11.1436999,5
1.673261207,-0.091875903,5.223224514,0.201336779,0.731651232,515.9567557,120000,10945.63636,39.96662775,5
1.64756469,0.03710545,4.082256889,0.180082246,0.550436373,247.5208738,120000,5036.625,21.28997584,5
1.767400188,0.071174576,4.5583843,0.183872948,0.61812592,253.429285,120000,5247.608696,21.72050477,5
1.778679777,0.018765497,4.754055745,0.199727335,0.593291145,271.6338775,120000,5268.26087,22.79927626,5
1.567341278,0.025847531,4.224146007,0.199099043,0.609147126,243.4693404,120000,4847.52,21.13452788,5
1.872431306,0.02020774,5.1885263,0.189951036,0.655004814,232.1815078,119983,4061.333333,19.29734147,5
1.934892321,0.139801166,4.515372254,0.19986526,0.650298295,176.1504881,120000,2052.066667,12.73469967,5
1.698561789,0.09924279,4.195825767,0.202603138,0.647144005,163.4591116,119995,1879.651515,12.48748198,5
1.751984143,0.132474403,4.27113781,0.21007406,0.643157011,171.5915595,119989,2067.1875,13.66317269,5
1.730052348,0.133720333,4.189168244,0.200520626,0.620703177,156.7064228,120000,1772.628571,11.91856761,5
1.808642069,0.191129653,4.64907723,0.201597984,0.611776531,175.535784,120000,2082.5,13.38828142,5
1.664645557,0.153032357,4.197776101,0.194780216,0.669894467,242.8786591,120000,3299.756757,16.81219486,5
1.877050175,0.1946443,4.507521247,0.207236097,0.626703757,181.8612367,119920,2202.464286,13.64579846,5
1.845437844,0.135708057,4.397313122,0.210531881,0.66363448,170.8889042,120000,2096.229508,13.76631327,5
1.753593665,0.116819672,4.564787361,0.20453365,0.572856867,174.5038475,119928,2261.844828,14.82912291,5
1.741115652,0.177284542,4.322602158,0.208479318,0.668812404,175.7478987,119872,2244.385965,14.08108765,5
1.675036286,0.182047322,4.300269582,0.212297568,0.627193233,172.0382545,120000,2151.483333,14.18666406,5
1.685513675,0.183606733,4.203890346,0.203399569,0.651516681,149.5776615,119920,1909.897059,13.32196165,5
1.845241854,0.194250692,4.409556882,0.209199755,0.662494824,141.1283496,119748,1720.333333,13.10160659,5
1.838505702,0.160262483,4.469627247,0.207330762,0.646635247,116.4105653,119697,1397.741935,12.2518647,5
1.710542025,0.114692788,4.088707029,0.206752836,0.652713735,165.7456512,120000,1920.796875,11.8970206,5
1.522247518,0.130048017,3.76028401,0.200115605,0.638424733,169.8404297,119990,1960.68254,12.54047315,5
1.665345842,-0.008982089,4.712150313,0.188107347,0.599384823,586.8818804,119923,8046.8,30.39479277,5
5.49493995,0.310616911,12.64979215,0.250395099,0.712071518,56.74885491,12007,260.9109195,11.44921799,4
5.34947415,0.309804808,12.13209326,0.249729934,0.680976307,55.61257717,11480,256.7147147,11.42096449,4
5.524555296,0.250688525,12.60190532,0.247857901,0.690989279,55.22625209,11788,250.8629738,11.34881557,4
6.123618854,0.34264253,13.84742787,0.247614332,0.699118179,53.61803201,11426,223,10.98884212,4
5.972072097,0.330897416,13.63166626,0.247478874,0.702226377,52.68279675,11485,217.5241935,10.89496857,4
5.468369775,0.19364265,12.51495616,0.244655978,0.682278098,51.26440085,11481,213.1662338,10.6548952,4
6.038248614,0.360421248,13.83869533,0.260921424,0.697033179,53.77408491,12067,219.0833333,10.59539404,4
6.027827486,0.388761015,13.51294668,0.264587622,0.705492028,55.25496754,11720,225.4477958,10.74764471,4
5.8523422,0.366702229,13.40532087,0.258983668,0.712575307,56.56675732,11104,228.9706601,10.93000875,4
8.092753453,0.185540893,19.20160952,0.21869373,0.677535035,94.06624533,16629,794.1391304,20.00586761,4
8.521455698,0.277196714,19.85030044,0.211714503,0.682711934,80.93107726,15842,648.9776119,17.67181389,4
8.001059856,0.216770358,18.24421782,0.214359907,0.667232846,81.02420685,15575,647.2444444,17.53622324,4
9.324240664,0.269405,22.37237958,0.237863877,0.708533522,115.607106,49749,1342.244681,23.58877627,4
8.332870704,0.291555539,19.81559527,0.216516675,0.71462611,100.1356302,50190,1146.614679,21.21218268,4
7.582477335,0.244470501,18.15575756,0.221341732,0.705235462,103.3231808,50461,1149.574074,21.08364588,4
7.037113047,0.254252988,16.11940965,0.220785533,0.705759494,94.48284956,51856,855.5681818,16.8548374,4
6.390746693,0.239596879,14.79291033,0.222187886,0.750646642,94.54266568,53224,787.4557823,16.10184496,4
5.725031374,0.259569852,13.50936406,0.222827702,0.732476169,98.40851841,53906,780.1973684,16.58371538,4
1.256134512,0.006249035,3.586470535,0.217047609,0.643812722,65.45058978,128862,257.7474916,10.05523449,4
1.471051851,0.009991082,4.200087974,0.219010839,0.635229688,70.32053134,63245,231.3233383,10.23975604,4
1.656939803,0.037830225,4.608883649,0.215541393,0.625133176,72.92057027,84279,237.3806876,9.495926826,4
1.177425562,-0.171178778,3.434480378,0.241112629,0.728705944,72.44567734,162507,286.8169014,10.91269759,4
1.227049611,-0.154821773,3.526779802,0.229540792,0.720520765,70.24829952,211169,291.54914,10.11201972,4
1.242344638,-0.135469263,3.572732917,0.22987333,0.716730363,70.26569404,222956,302.9318041,10.28306821,4
2.969129384,-0.035941926,7.717099708,0.24230781,0.726544989,116.0113172,106499,1549.078067,19.83537415,4
4.402900025,0.018886117,11.04638048,0.234644055,0.717994405,138.5495858,104583,2145.239362,23.0957151,4
4.209256964,-0.0120733,10.48622663,0.235957415,0.732690246,134.3332644,104549,2059.269036,22.62759107,4
4.215436998,0.061190844,10.68015348,0.21035864,0.665018541,161.4303283,102422,2289.364198,22.4224515,4
3.782043187,0.051633931,9.421608642,0.212472786,0.658127922,148.0686035,101211,1790.082126,18.92913265,4
3.499118892,0.045470587,8.685797867,0.208414086,0.662503347,135.3031722,101636,1761.691589,18.66927682,4
4.776369927,0.038704279,12.25609186,0.22164147,0.67146141,180.9552301,99494,2473.496599,24.06137947,4
3.67204932,-0.001052458,9.340556567,0.207689242,0.656339678,145.5155064,99701,1835.26,19.20805679,4
3.639435446,0.014902175,9.1418712,0.207026205,0.633036994,125.8545005,98165,1701.652582,18.37166111,4
2.850105653,0.010214505,7.078802472,0.210045574,0.69614493,109.7112004,97791,1263.768166,15.41253792,4
2.856375205,0.019342136,7.087981006,0.212794905,0.660552262,108.2172224,96841,1399.380228,16.53669862,4
3.060561254,0.025607038,7.54239378,0.206071404,0.644632174,96.97557484,96162,1219.39527,14.83673068,4
2.555269407,-0.00464119,6.311282426,0.204953079,0.648055169,84.12407849,95883,958.5826772,13.19218886,4
2.485388941,-0.042571372,6.270941488,0.210445257,0.693283195,84.87787452,95979,1001.44086,14.17030287,4
2.608182411,-0.002218332,6.479655613,0.209856778,0.6736231,81.15984298,95220,1016.530899,13.65554507,4
2.165449276,-0.067317912,5.436957176,0.212617234,0.690454281,73.42258747,95164,800.5952381,12.69681727,4
2.498025247,0.035506224,6.145533146,0.197239811,0.618879937,76.64892087,94056,941.6551724,12.6827149,4
2.119767682,-0.0528268,5.333878936,0.206448525,0.667878182,71.67099701,93833,769.2902542,12.09222589,4
2.088761715,-0.028437127,5.272142123,0.206669866,0.671332407,68.67695612,93625,753.1979592,12.15146756,4
1.308117652,-0.067668697,3.425826617,0.206190383,0.641634057,52.5708326,91635,510.1343284,10.20940403,4
1.813274202,-0.033926168,4.563646565,0.206706163,0.678267533,67.46576527,94041,668.4078014,11.72324555,4
1.881045931,-0.024169255,4.736967142,0.211976205,0.682669016,68.28758073,93764,741.1218075,12.23678256,4
2.186761138,0.37755953,4.407986526,0.254449183,0.770612214,25.92523706,717,75.28571429,7.311361499,3
2.301523926,0.101811496,6.464241995,0.231939141,0.714771949,64.96367693,5573,314.59375,12.88143579,3
2.157032468,0.4160896,6.322904821,0.25574415,0.810721515,87.94619607,5223,396.7407407,14.26844283,3
2.228271733,0.118297411,5.782692949,0.198728113,0.625191614,37.90976677,2522,112.8529412,7.393973294,3
3.428888321,0.046293983,7.995647893,0.252488238,0.687154183,40.95002219,452,110.8461538,10.45708488,3
5.966613514,0.164669581,14.4796463,0.203797933,0.713113132,128.0055916,6394,914,23.95876381,3
6.145668399,0.042536514,15.52042578,0.281624328,0.727839974,115.9577777,3118,652.8,20.83365629,3
2.897770671,0.109175412,6.764438645,0.250319845,0.800770075,35.33883476,226,74.25,8.14042387,3
1.503748014,0.503732286,2.953217982,0.255640405,0.811886075,64.69432075,6831,464.3809524,13.29766289,3
7.199209101,0.335035969,13.18439215,0.165949293,0.467902333,43.52672175,5051,473.5454545,11.27456172,3
1.711061258,0.309851406,4.216227344,0.305910792,0.75292914,60.28168207,7986,459.4545455,13.05853367,3
3.428888321,0.046293983,7.995647893,0.252488238,0.687154183,40.95002219,452,110.8461538,10.45708488,3
1.566631258,0.208330378,3.859692024,0.226709947,0.695326663,27.99018758,257,66.16666667,7.692696558,3
2.780941955,0.47515007,7.321889515,0.22345036,0.479879145,103.181734,1731,602,19.73312934,3
5.22573381,0.081307754,13.19836491,0.236916143,0.790655517,135.1097546,7204,990.4,23.97793071,3
4.33079745487,0.0485511274897,10.1860654037,0.255046250005,0.828280441236,127.683995758,2733,868.363636364,28.0803908119,1
4.03505522172,-0.0522508788594,9.80807367678,0.217162164518,0.736551831662,92.5747179268,1961,628.090909091,22.6195316204,1
4.53841914185,0.0138327525085,11.4081608887,0.240327899985,0.843545949328,260.504248744,8220,2805.0,48.8457266665,1
4.53841914185,0.0138327525085,11.4081608887,0.240327899985,0.843545949328,260.504248744,8220,2805.0,48.8457266665,1
2.86996505523,0.10832083719,7.50256133506,0.291764828125,0.794877838683,110.244069222,2293,732.0,24.4901584739,1
4.34815336087,0.137778721624,11.220850184,0.219734282032,0.774533415956,157.180401703,11963,1438.63157895,28.2292198993,1
4.53841914185,0.0138327525085,11.4081608887,0.240327899985,0.843545949328,260.504248744,8220,2805.0,48.8457266665,1
4.00890594112,0.134917249305,9.20393329499,0.218289756017,0.748909495736,97.1490572735,33876,1665.44736842,21.5727588413,1
5.78342282026,0.0823418087882,13.1133108353,0.202397693519,0.775408341104,157.526014219,60245,3910.61538462,31.1958814521,1
6.22942453999,-0.0500802797742,15.9428191243,0.238868629019,0.793124362011,168.186325945,34576,3157.91304348,33.1285368821,1
3.27537514293,0.156650770671,8.17221882786,0.204555339216,0.715404261677,85.8372107091,40258,1534.46296296,18.2078280655,1
3.88676758839,0.0449042506357,12.0362554989,0.20658509856,0.735978768887,157.703904058,8224,1764.77777778,32.6558519726,1
4.53841914185,0.0138327525085,11.4081608887,0.240327899985,0.843545949328,260.504248744,8220,2805.0,48.8457266665,1
5.18070836771,0.0740302452802,11.2064983598,0.212336946896,0.778023482377,81.0167916935,1892,473.866666667,21.6817259968,1
4.34850003865,-0.0329486121186,9.59241603006,0.302981278702,0.779474823576,87.2430804355,951,416.238095238,20.2035703135,1
5.89417694542,0.121605860671,13.214193746,0.199159922319,0.729367805268,154.849403331,60283,3910.15384615,31.1658768407,1
3.71191074712,0.0994102121248,8.53074138107,0.223097242883,0.733251723909,92.0606465089,33874,1545.95121951,20.4850177965,1
4.91751642868,0.150251974713,10.8286889155,0.226430404754,0.746792907884,97.9152470405,28346,1401.32432432,20.8970387971,1
2.43826187207,0.099087564314,6.39637666701,0.276423160665,0.877226472066,257.954328933,10177,2454.6,38.054251054,1
13.1309305723,-0.00293293179092,28.4310122559,0.223971706249,0.772181526225,171.755008333,6798,1626.16666667,35.7123762203,1
4.61024999292,0.0590969906105,10.7886925946,0.323775786139,0.757985854387,108.097848994,15800,845.6,20.3476298205,1
3.77924519076,-0.0381863379339,9.22810465736,0.270029828588,0.745889912465,83.0142192298,1960,445.421052632,20.0915872321,1
3.96458272614,0.1089885171,9.12472058677,0.228676208721,0.766549487756,100.084750673,33917,1670.92105263,21.8811925917,1
5.78617318181,-0.0374820849695,14.3725451172,0.231038770169,0.783530965729,156.779948007,34559,2901.68,31.2810102418,1
5.66947852993,0.126767216122,12.8878226326,0.19911148033,0.718481722901,156.089739383,60246,3913.88461538,30.8377808877,1
3.71007673148,-0.122537031074,9.41589235007,0.197044178768,0.769112345109,65.0600572577,1078,291.272727273,17.4212801075,1
4.53841914185,0.0138327525085,11.4081608887,0.240327899985,0.843545949328,260.504248744,8220,2805.0,48.8457266665,1
4.44865576686,0.0532781070385,11.0420783639,0.23069589775,0.80533877486,254.297819368,8044,2801.66666667,48.3176889841,1
2.18331457469,0.164653432561,5.66423668574,0.219323208061,0.65574992329,195.122301277,46347,1619.35483871,16.355859047,1
2.08670563733,0.167773697382,5.31459719642,0.212433759507,0.637448617446,149.923337912,36009,1240.45238095,16.0491704259,1
1.81304177978,0.164950241639,4.4889210843,0.204865747505,0.61100969211,197.360390626,53438,1695.12121212,14.8008251125,1
1.79623895152,0.172225926321,4.86229015399,0.194799199052,0.597636664168,173.265580339,46125,1401.80555556,14.9798195945,1
1.9262944928,0.202618688997,4.98066522597,0.20956191595,0.650334198848,154.919631073,89590,2365.025,14.5784634725,1
1.92489425284,0.208895831237,4.83201386632,0.206398752327,0.680507030137,203.835770575,52961,1745.53125,15.9367298627,1
3.12987092961,0.202745880632,8.00620148734,0.216070674688,0.595036144401,159.31738183,13972,1336.73913043,22.9270894091,1
3.76524887228,0.188552988869,10.7133088361,0.25029882733,0.792542328328,192.3053846,13626,1599.05263158,27.9609974307,1
3.26996920007,0.25374506916,8.74717139382,0.244997401369,0.738367233867,186.968638697,13111,1460.0,26.2017385045,1
2.71382839973,0.451302920162,6.30519943191,0.206196741914,0.672283347876,140.568898005,11346,709.875,14.8286689135,1
2.18224790216,0.416209831448,5.06331104649,0.286727564687,0.746714377553,135.869477133,18046,638.944444444,13.3790002843,1
2.44861243125,0.334168099916,5.85269205211,0.279007879023,0.774639123522,143.727048057,17488,634.754716981,13.4509833442,1
2.74369675591,0.484799389281,6.20265404526,0.237385184921,0.678289881741,80.6399300032,7083,312.174418605,10.3141034134,1
2.66865312798,0.496734100717,5.85403874962,0.253241849513,0.678557806136,69.0878416476,7197,250.413461538,9.56929589713,1
2.57826105109,0.368930081356,6.08828339454,0.250706934074,0.732807445663,91.3852921289,7917,375.519480519,11.7762364286,1
2.49560413127,0.41866306795,5.84836365861,0.228912917974,0.643692269813,134.572578762,17967,602.961538462,12.3435014339,1
2.69045606007,0.35506966497,6.50999069701,0.230796811529,0.70795691636,107.31415534,11438,509.516129032,12.6277122065,1
2.46058607289,0.305349552353,6.05079002932,0.212827546004,0.680997645891,139.476659403,11800,608.096153846,13.7487945787,1
2.59651390001,0.414667897436,6.09753429522,0.26276130361,0.721982135278,90.6157355355,6446,341.886075949,11.1216948082,1
2.94238854809,0.544361435174,6.44084919717,0.21298462745,0.638413808432,98.1352578019,9279,430.625,11.3715634482,1
2.64218807953,0.342851847396,6.4314331741,0.270638488454,0.713742422058,104.883397228,7922,374.797468354,11.6313342287,1
2.89784032443,0.55522929284,6.4751522226,0.217480248531,0.587764895935,79.6339943064,8583,283.28125,9.73511348499,1
2.52934508015,0.436215939908,5.4932242714,0.223160532841,0.691833007805,89.9865838311,8926,332.174418605,10.2601348865,1
2.51947179615,0.456188554663,5.83441300628,0.257051531617,0.695492209813,106.138236464,7404,343.385542169,11.6639184534,1
1.15153003915,0.390769041933,2.26017720462,0.176903823938,0.49280242709,12.3913229315,64,16.5471698113,4.42363377553,2
2.03989526478,0.00297456300604,5.00938749364,0.197201420428,0.598369847139,31.525436728,6018,170.70212766,7.78366259084,2
1.47678894401,0.356096284171,2.85536420485,0.202321738358,0.607502544327,15.586588629,128,22.6578947368,5.03539368327,2
0.848735643011,0.373893905199,1.62636872055,0.197476062249,0.64945429539,14.9888846063,64,20.7966101695,4.93945705912,2
1.85466936994,0.41317432238,3.71435407818,0.174550559557,0.540099897641,13.8306915287,53,19.5384615385,4.79582544198,2
2.375304366,0.522326737956,4.78996169512,0.179681319558,0.615131521461,13.9369611268,64,20.125,4.75196593831,2
2.34873735223,0.418224197868,5.08213963445,0.193403829679,0.593135861471,18.4637464833,283,30.6842105263,5.49300832569,2
0.946246050483,0.376613429113,1.88727664702,0.191074993524,0.607855548747,14.9671250292,76,21.0588235294,4.91112194678,2
1.5740388374,0.294225183061,3.33553785285,0.19083899938,0.711674318411,20.2210670641,1319,54.375,6.17477955411,2
3.3313458062,0.218037966859,7.20303147479,0.179487778578,0.611087193085,37.5092053974,20008,491.586956522,9.59141042841,2
1.4824137558,0.486215821392,2.94251515907,0.200123227804,0.551911039985,15.7413203436,69,22.16,4.9911485584,2
1.08984723454,0.391864551006,2.26642670638,0.193458705842,0.603512347233,14.7310985771,105,20.6578947368,4.79171885163,2
2.07244738359,0.583552907135,3.7515883205,0.195715436427,0.655103164863,15.6489345811,138,26.0666666667,5.18674423045,2
2.41295768982,0.317319439851,5.15295587,0.187749697298,0.553308252282,20.2685401587,564,37.6222222222,5.79009335912,2
1.73109489576,0.385968499176,3.46647140928,0.183848630093,0.628392938352,16.0453397583,460,28.6818181818,5.16437958047,2
1.95218223857,0.335046719095,4.63172298055,0.378937595949,0.528155212788,33.6536390634,969,73.4583333333,6.67707051803,2
1.26332594357,0.0349544544777,2.6490520526,0.322892478771,0.742545316695,63.8355339059,3564,377.2,11.5281572049,2
1.01252427392,0.358137411203,1.90434198809,0.185766541497,0.575334263528,14.3559551537,73,20.4230769231,4.7982752652,2
0.88026510543,0.344457346717,1.59456831938,0.184238905912,0.568700201066,14.9890263153,68,21.7619047619,5.05958723201,2
1.84148554166,0.422965730887,3.75316023503,0.208139794773,0.585700706627,32.6220991276,1817,121.352941176,6.77278887687,2
1.23997661399,0.143530057424,2.35841202703,0.202951712232,0.563982337139,49.5637229415,8016,550.733333333,10.8833196767,2
1.19803272934,0.298262772746,2.40407723083,0.229564296598,0.789699872179,20.6061731573,377,36.6,5.74277279169,2
2.43126225165,0.114704004899,5.0046175752,0.335155340644,0.62761521781,107.001339252,32975,2244.125,20.535487631,2
1.88097959187,-0.0621575009968,4.66430703752,0.211004096369,0.647856059067,47.532621174,12924,427.074074074,10.4102960698,2
1.30838737442,0.400393545801,3.20027015874,0.228573222856,0.582324637627,20.6261886215,182,31.6666666667,5.75159610411,2
2.71383570616,0.0385653187676,7.28381450945,0.233656377644,0.691853335014,114.630692839,16267,1062.64516129,18.2706651912,2
1.0751991767,0.121944128845,2.67599678579,0.223115683396,0.676971251247,79.2297008274,15966,464.653846154,10.5183310722,2
1.28763414491,0.224114606166,2.88658752911,0.228090313189,0.559128033158,27.8446852787,2752,75.8028169014,6.64738951817,2
1.73734067639,0.128933287988,4.1199127622,0.193304051928,0.615027806513,56.9569454897,23932,794.735294118,12.0598089642,2
1.99279896266,0.434244815655,4.14696171432,0.171493992611,0.517303870027,16.6842647213,201,27.7272727273,5.27373326825,2
1.81052434211,0.157893328443,4.27592352794,0.183953761656,0.582567370701,59.5599668682,31503,902.179487179,12.4017425853,2
1.78981558572,0.0931784830156,4.9066101591,0.208736213867,0.74187220176,59.5034160864,17124,571.25,11.9943398096,2
1.10662525398,0.416258090723,2.62296981361,0.282798520738,0.822623228868,173.461974106,21677,1409.88461538,19.3764686362,2
1.6127765797,0.281725605957,3.89484149847,0.231608217651,0.738732148615,229.260657775,27409,1748.34782609,19.9443588844,2
1.52562540592,0.31290930766,3.44723970798,0.218311006979,0.590019035951,22.5673445712,949,46.0208333333,5.96750230644,2
0.685866184959,0.360122733001,1.42078898718,0.236168918957,0.705529792137,67.9284393982,3206,248.425531915,12.1246269254,2
0.869703663257,0.460553427473,1.54719874871,0.228984422361,0.741602811614,53.9482754839,7006,208.754098361,10.2141268027,2
1.05388873979,0.444885329976,1.99638042328,0.212934520154,0.618424814847,37.8490095676,3260,123.636363636,8.89047259675,2
0.74052198479,0.420342178443,1.50544924478,0.249272328488,0.732964589419,80.2722638978,6703,297.711111111,12.616060761,2
0.743322704886,0.449497754823,1.31598497444,0.244052598447,0.68138813567,41.216544499,1797,115.363636364,8.67791654405,2
0.772979573931,0.438089694083,1.4597308082,0.259964829536,0.72735941662,54.4133513652,2256,206.566666667,12.0343577652,2
0.890966824855,0.470952576602,1.64252623474,0.2904816503,0.802464393961,94.5895968466,15200,626.59375,14.7347198043,2
0.913721258623,0.354801996639,2.09271695516,0.211134717697,0.710625133513,85.9846655191,6975,542.964285714,13.7553038469,2
0.614283443842,0.356492584351,1.28474170221,0.268323264005,0.683735813063,228.104020697,17707,1778.18181818,22.4630191191,2
0.678570600562,0.46576839248,1.12504657965,0.215977656857,0.636214785114,122.919504551,15747,737.041666667,13.1311545834,2
